用途,Bank,媒体ID,相似度,源SHA256,源路径,导出路径,说明
CallIn,foley_player,465632577,,e4346ec2796a60af40c0fd1834cc76c9be88b1c36ec5f27a7d7f1fa7d78fba64,E:\ModdevMics\Assets\Helldivers2\StratagemBall\Ogg\465632577.ogg,Sounds\Combat\HD2\Support\CallIn_StratagemBall.ogg,战备红/蓝启动事件747886/1032351623公共层706071705；延迟0.30秒，增益0dB；随机组固定变体。
CallIn,foley_player,612965449,,0f449fff369766ec779516feee0f4645f1a57488192f1f247a618444173e5d1b,E:\ModdevMics\Assets\Helldivers2\StratagemBall\Ogg\612965449.ogg,Sounds\Combat\HD2\Support\CallIn_StratagemBall.ogg,战备红/蓝启动事件747886/1032351623公共层706071705；延迟0.45秒，增益-4dB；随机组固定变体。
CallIn,foley_player,497066532,,d8ff990e6aac79bc41c9cd801d77af3ff8105db727fb02a8ccba5b8638984912,E:\ModdevMics\Assets\Helldivers2\StratagemBall\Ogg\497066532.ogg,Sounds\Combat\HD2\Support\CallIn_StratagemBall.ogg,战备红/蓝启动事件747886/1032351623公共层706071705；延迟0.20秒，增益-2dB；随机组固定变体。
Incoming,stratagems_orbital_380mm_he,972359172,0.62183,03474ba527ab62f569356ccf657ee279fd6206e2c0b98a5aacd7de3ae7189e98,E:\ModdevMics\Assets\Helldivers2\ImperialSupport\Ogg\972359172.ogg,Sounds\Combat\HD2\Support\Incoming_972359172.ogg,本机HD2原始Bank媒体；用途为CLAP匹配候选，非Wwise事件名。
Barrage120,stratagems_orbital_380mm_he,154940815,0.6142,9b5f05bda835d9bdc0b8e505b5bdb2473d3e4e4c4eacd497e96a75d56dad71c6,E:\ModdevMics\Assets\Helldivers2\ImperialSupport\Ogg\154940815.ogg,Sounds\Combat\HD2\Support\Barrage120_154940815.ogg,本机HD2原始Bank媒体；用途为CLAP匹配候选，非Wwise事件名。
Barrage120,stratagems_orbital_380mm_he,1024807697,0.61134,51ee9e8f06a309faa9c6432bfa6a76ac5588019adba2f87fb93c9c57ec7fb3c9,E:\ModdevMics\Assets\Helldivers2\ImperialSupport\Ogg\1024807697.ogg,Sounds\Combat\HD2\Support\Barrage120_1024807697.ogg,本机HD2原始Bank媒体；用途为CLAP匹配候选，非Wwise事件名。
Barrage380,stratagems_orbital_380mm_he,1024807697,0.70004,51ee9e8f06a309faa9c6432bfa6a76ac5588019adba2f87fb93c9c57ec7fb3c9,E:\ModdevMics\Assets\Helldivers2\ImperialSupport\Ogg\1024807697.ogg,Sounds\Combat\HD2\Support\Barrage380_1024807697.ogg,本机HD2原始Bank媒体；用途为CLAP匹配候选，非Wwise事件名。
Barrage380,stratagems_orbital_380mm_he,663028978,0.66056,d419fc8cf5e48ee2afc8c1eaef01fca2899b09d76c874269adfc54ae6486941d,E:\ModdevMics\Assets\Helldivers2\ImperialSupport\Ogg\663028978.ogg,Sounds\Combat\HD2\Support\Barrage380_663028978.ogg,本机HD2原始Bank媒体；用途为CLAP匹配候选，非Wwise事件名。
Napalm,stratagems_orbital_napalm_barrage,880412781,0.54353,cc272f5a4f66e2f99e4081ce94f2256f55f431c38c5dd670875408a19008e71f,E:\ModdevMics\Assets\Helldivers2\ImperialSupport\Ogg\880412781.ogg,Sounds\Combat\HD2\Support\Napalm_880412781.ogg,本机HD2原始Bank媒体；用途为CLAP匹配候选，非Wwise事件名。
Napalm,stratagems_orbital_napalm_barrage,102611610,0.54313,690773b3353aa5268fa6217aa8a92f71fb708c1ceb268d7bc5ef5b3f5c66bad2,E:\ModdevMics\Assets\Helldivers2\ImperialSupport\Ogg\102611610.ogg,Sounds\Combat\HD2\Support\Napalm_102611610.ogg,本机HD2原始Bank媒体；用途为CLAP匹配候选，非Wwise事件名。
Gas,stratagems_orbital_gas_strike,953878999,0.24365,59d7128e5f5d45d2d10a077465449ce7f2b21196947dc726ef8f025b74157c25,E:\ModdevMics\Assets\Helldivers2\ImperialSupport\Ogg\953878999.ogg,Sounds\Combat\HD2\Support\Gas_953878999.ogg,本机HD2原始Bank媒体；用途为CLAP匹配候选，非Wwise事件名。
EMP,stratagems_orbital_ems_strike,1040199753,0.25543,bab8c9f16caec342d4da604c17b8eb332034348bfe20b8c373026df410451fbd,E:\ModdevMics\Assets\Helldivers2\ImperialSupport\Ogg\1040199753.ogg,Sounds\Combat\HD2\Support\EMP_1040199753.ogg,本机HD2原始Bank媒体；用途为CLAP匹配候选，非Wwise事件名。
