音色族,Bank,媒体ID,源路径,源SHA256,导出路径,用途说明
Pistol,hornet_pistol,469255939,E:\ModdevMics\Assets\Helldivers2\MihoCombat\Ogg\469255939.ogg,101c40f235732f881e8ad444d80c9ce88098934c67eb00cbaad5025b18d4b819,Sounds\Combat\HD2\Pistol_469255939.ogg,Bank来源已确认；动作属于CLAP筛选与音色匹配，不代表原始事件名。
Pistol,hornet_pistol,476691000,E:\ModdevMics\Assets\Helldivers2\MihoCombat\Ogg\476691000.ogg,ec9dc76607f2392dedaf7f716d9fc22e9ada11720067844d07616f8a56e46ce9,Sounds\Combat\HD2\Pistol_476691000.ogg,Bank来源已确认；动作属于CLAP筛选与音色匹配，不代表原始事件名。
Suppressed,m6c_pistol,570421238,E:\ModdevMics\Assets\Helldivers2\MihoCombat\Ogg\570421238.ogg,ebc32bd331db1faa307c0685ea5d75a59f8b6a1ecc5191b6dfd863d243777a74,Sounds\Combat\HD2\Suppressed_570421238.ogg,Bank来源已确认；动作属于CLAP筛选与音色匹配，不代表原始事件名。
Suppressed,m6c_pistol,823457118,E:\ModdevMics\Assets\Helldivers2\MihoCombat\Ogg\823457118.ogg,57f4d124121a9b7ce223f74ccf76a6bd7db1d2efb0b62ba2d5f8efbe1319e57d,Sounds\Combat\HD2\Suppressed_823457118.ogg,Bank来源已确认；动作属于CLAP筛选与音色匹配，不代表原始事件名。
Liberator,wep_ar19_liberator,94681415,E:\ModdevMics\Assets\Helldivers2\MihoCombat\Ogg\94681415.ogg,8646d57ab1033d10f4b84a32b6e32c7a955cea4d42db8e616ade2f6377df93cc,Sounds\Combat\HD2\Liberator_94681415.ogg,Bank来源已确认；动作属于CLAP筛选与音色匹配，不代表原始事件名。
Liberator,wep_ar19_liberator,627885530,E:\ModdevMics\Assets\Helldivers2\MihoCombat\Ogg\627885530.ogg,6935d21c221251e0775bd0caa523cef433d2645957d7495232af314f6178af8c,Sounds\Combat\HD2\Liberator_627885530.ogg,Bank来源已确认；动作属于CLAP筛选与音色匹配，不代表原始事件名。
Justice,wep_ar_justice,755859388,E:\ModdevMics\Assets\Helldivers2\MihoCombat\Ogg\755859388.ogg,5d1a46a731be72c14ee8b3b01ffbb4f48ab1060a9aafbfff1a9f482fecbe6d88,Sounds\Combat\HD2\Justice_755859388.ogg,Bank来源已确认；动作属于CLAP筛选与音色匹配，不代表原始事件名。
Justice,wep_ar_justice,979640435,E:\ModdevMics\Assets\Helldivers2\MihoCombat\Ogg\979640435.ogg,ae53f3b6f292712367b99cdced21d87f4f3fd996f87cb014fe5252685590318f,Sounds\Combat\HD2\Justice_979640435.ogg,Bank来源已确认；动作属于CLAP筛选与音色匹配，不代表原始事件名。
Adjudicator,wep_cr1_adjudicator,646862171,E:\ModdevMics\Assets\Helldivers2\MihoCombat\Ogg\646862171.ogg,af672b96f163ab74eda646cd883ca563a664605a55f8a499c53e24b884bdcd98,Sounds\Combat\HD2\Adjudicator_646862171.ogg,Bank来源已确认；动作属于CLAP筛选与音色匹配，不代表原始事件名。
Adjudicator,wep_cr1_adjudicator,1014377450,E:\ModdevMics\Assets\Helldivers2\MihoCombat\Ogg\1014377450.ogg,13a1cb165d893283211621f654078fe3db516483a05bb3aba724c1a302c74acb,Sounds\Combat\HD2\Adjudicator_1014377450.ogg,Bank来源已确认；动作属于CLAP筛选与音色匹配，不代表原始事件名。
Dominator,wep_jar5_dominator,117805662,E:\ModdevMics\Assets\Helldivers2\MihoCombat\Ogg\117805662.ogg,a6f2c19c9889ed52dbdd71a635e0208b6a250c6a36613cd90c41461176e6b0e8,Sounds\Combat\HD2\Dominator_117805662.ogg,Bank来源已确认；动作属于CLAP筛选与音色匹配，不代表原始事件名。
Dominator,wep_jar5_dominator,525957057,E:\ModdevMics\Assets\Helldivers2\MihoCombat\Ogg\525957057.ogg,a19854a8be72eb07e4290b86e1b529888d6aa06f5d69932fad517cf9b4ad581b,Sounds\Combat\HD2\Dominator_525957057.ogg,Bank来源已确认；动作属于CLAP筛选与音色匹配，不代表原始事件名。
Eruptor,wep_jpr_eruptor,845705203,E:\ModdevMics\Assets\Helldivers2\MihoCombat\Ogg\845705203.ogg,29fa82b1793196f80aabb66768c00f68c74e34e956dee9828ff1a11350a50bd4,Sounds\Combat\HD2\Eruptor_845705203.ogg,Bank来源已确认；动作属于CLAP筛选与音色匹配，不代表原始事件名。
Eruptor,wep_jpr_eruptor,101340640,E:\ModdevMics\Assets\Helldivers2\MihoCombat\Ogg\101340640.ogg,175f7a066904631fecf7870700b0ad770d3aafb74ae879c5d6bf78aa09dec221,Sounds\Combat\HD2\Eruptor_101340640.ogg,Bank来源已确认；动作属于CLAP筛选与音色匹配，不代表原始事件名。
Sniper,wep_sar1_sniper,553167497,E:\ModdevMics\Assets\Helldivers2\MihoCombat\Ogg\553167497.ogg,f000c2f2a9df33d0f2f5dfbf4773cbb668413303563e34a3234e0ecca795cebd,Sounds\Combat\HD2\Sniper_553167497.ogg,Bank来源已确认；动作属于CLAP筛选与音色匹配，不代表原始事件名。
Sniper,wep_sar1_sniper,1014728585,E:\ModdevMics\Assets\Helldivers2\MihoCombat\Ogg\1014728585.ogg,d12aea5a039c6613d37407dc012ab121f2a687367f10198c0064f15637099f6a,Sounds\Combat\HD2\Sniper_1014728585.ogg,Bank来源已确认；动作属于CLAP筛选与音色匹配，不代表原始事件名。
Railgun,wep_railgun,4188536,E:\ModdevMics\Assets\Helldivers2\MihoCombat\Ogg\4188536.ogg,1a185e7929c0a1a2b9c542d917bbf1c39fc01b6b4100dc8f31eff8e008d01076,Sounds\Combat\HD2\Railgun_4188536.ogg,Bank来源已确认；动作属于CLAP筛选与音色匹配，不代表原始事件名。
Railgun,wep_railgun,152480282,E:\ModdevMics\Assets\Helldivers2\MihoCombat\Ogg\152480282.ogg,9e90cea1f9038da0e70110f255a1ad7e4fb41013517151f761a3db2347ee07e5,Sounds\Combat\HD2\Railgun_152480282.ogg,Bank来源已确认；动作属于CLAP筛选与音色匹配，不代表原始事件名。
Stalwart,wep_mg105_stalwart,212791666,E:\ModdevMics\Assets\Helldivers2\MihoCombat\Ogg\212791666.ogg,9105f0db108d2c0a0379e66f0c032dc3fa4715a14663b1b9e247b899f40acee2,Sounds\Combat\HD2\Stalwart_212791666.ogg,Bank来源已确认；动作属于CLAP筛选与音色匹配，不代表原始事件名。
Stalwart,wep_mg105_stalwart,626890771,E:\ModdevMics\Assets\Helldivers2\MihoCombat\Ogg\626890771.ogg,c03c8a3f6a2be90ef781bb470e9760693ede893d57b6a4f3a7b2e61b96f4c6ac,Sounds\Combat\HD2\Stalwart_626890771.ogg,Bank来源已确认；动作属于CLAP筛选与音色匹配，不代表原始事件名。
Breaker,wep_sg225_breaker,85772572,E:\ModdevMics\Assets\Helldivers2\MihoCombat\Ogg\85772572.ogg,737958ce352d81f86e783db96b37dc8c77848d95af1b3d4690ca900c3152c972,Sounds\Combat\HD2\Breaker_85772572.ogg,Bank来源已确认；动作属于CLAP筛选与音色匹配，不代表原始事件名。
Breaker,wep_sg225_breaker,1009506144,E:\ModdevMics\Assets\Helldivers2\MihoCombat\Ogg\1009506144.ogg,fbbb0340a0e43253db758c0e84251928197a5ba256fee528af949e52ea13f695,Sounds\Combat\HD2\Breaker_1009506144.ogg,Bank来源已确认；动作属于CLAP筛选与音色匹配，不代表原始事件名。
Punisher,wep_sg8_punisher,116200355,E:\ModdevMics\Assets\Helldivers2\MihoCombat\Ogg\116200355.ogg,c79cfabebc609daa12a2811deb50f481f8f23c67a114731b2f468f6b94567bd7,Sounds\Combat\HD2\Punisher_116200355.ogg,Bank来源已确认；动作属于CLAP筛选与音色匹配，不代表原始事件名。
Punisher,wep_sg8_punisher,232772099,E:\ModdevMics\Assets\Helldivers2\MihoCombat\Ogg\232772099.ogg,fa390f481d847bd4cb2c63a03df7f58034afbb8d51235dcda739b0f75fa877f5,Sounds\Combat\HD2\Punisher_232772099.ogg,Bank来源已确认；动作属于CLAP筛选与音色匹配，不代表原始事件名。
Knight,wpn_mp98_knight,1054944351,E:\ModdevMics\Assets\Helldivers2\MihoCombat\Ogg\1054944351.ogg,065abd3b1aa1bfdacc03600a2b070415be9f8d631b969a5a7b78e9b47690e194,Sounds\Combat\HD2\Knight_1054944351.ogg,Bank来源已确认；动作属于CLAP筛选与音色匹配，不代表原始事件名。
Knight,wpn_mp98_knight,631187499,E:\ModdevMics\Assets\Helldivers2\MihoCombat\Ogg\631187499.ogg,a1088900fe0d83f4cb74c7a5047f4e6d9c02b15708e93ad29d4ca8f7d0a768a5,Sounds\Combat\HD2\Knight_631187499.ogg,Bank来源已确认；动作属于CLAP筛选与音色匹配，不代表原始事件名。
GrenadeLaunch,wep_grenade_launcher,135900770,E:\ModdevMics\Assets\Helldivers2\MihoCombat\Ogg\135900770.ogg,308cc9cb0d08592545c62f24da61b99f377fa3d6f4edea6f2583fa1dc88b388e,Sounds\Combat\HD2\GrenadeLaunch_135900770.ogg,Bank来源已确认；动作属于CLAP筛选与音色匹配，不代表原始事件名。
GrenadeLaunch,wep_grenade_launcher,617482634,E:\ModdevMics\Assets\Helldivers2\MihoCombat\Ogg\617482634.ogg,66340d4487d3dfdf3bdef41579a214b17b3440cbdd7f9a2f88c30fcc975ffa0e,Sounds\Combat\HD2\GrenadeLaunch_617482634.ogg,Bank来源已确认；动作属于CLAP筛选与音色匹配，不代表原始事件名。
Eat,wep_eat17_expendable_at_rifle,462238529,E:\ModdevMics\Assets\Helldivers2\MihoCombat\Ogg\462238529.ogg,2d40482ed7276afeaf7e3298b58cf90ae3ad8da531abf359b94a3f513d401877,Sounds\Combat\HD2\Eat_462238529.ogg,Bank来源已确认；动作属于CLAP筛选与音色匹配，不代表原始事件名。
Eat,wep_eat17_expendable_at_rifle,579640446,E:\ModdevMics\Assets\Helldivers2\MihoCombat\Ogg\579640446.ogg,c89c1de037ae3bce5ed388e351c563f1d5efd7d11f56dabe9f306ffb4d0a55fa,Sounds\Combat\HD2\Eat_579640446.ogg,Bank来源已确认；动作属于CLAP筛选与音色匹配，不代表原始事件名。
Autocannon,wep_autocannon,1013945195,E:\ModdevMics\Assets\Helldivers2\MihoCombat\Ogg\1013945195.ogg,16c11f564312d4e6d54013b0119e8d2b752474410a8d1a2f1403aa9f5c08a2bd,Sounds\Combat\HD2\Autocannon_1013945195.ogg,Bank来源已确认；动作属于CLAP筛选与音色匹配，不代表原始事件名。
Autocannon,wep_autocannon,995529820,E:\ModdevMics\Assets\Helldivers2\MihoCombat\Ogg\995529820.ogg,14fe48dfba436e59205ea9cf11011011b93c83468087aa2675d10d7ac580042a,Sounds\Combat\HD2\Autocannon_995529820.ogg,Bank来源已确认；动作属于CLAP筛选与音色匹配，不代表原始事件名。
Recoilless,wep_recoilless_ap,1018262330,E:\ModdevMics\Assets\Helldivers2\MihoCombat\Ogg\1018262330.ogg,d44a05427c2c214532b67832c2f58dcd5848e6df14880259f12c58f16d3f326c,Sounds\Combat\HD2\Recoilless_1018262330.ogg,Bank来源已确认；动作属于CLAP筛选与音色匹配，不代表原始事件名。
Recoilless,wep_recoilless_ap,491849867,E:\ModdevMics\Assets\Helldivers2\MihoCombat\Ogg\491849867.ogg,51ce5ec8d027f820d5398ca5cc186be5ec4b72bd3eda2dae97a64ff7bdeba218,Sounds\Combat\HD2\Recoilless_491849867.ogg,Bank来源已确认；动作属于CLAP筛选与音色匹配，不代表原始事件名。
GrenadeBlast,wep_gre_at_explosive,67904039,E:\ModdevMics\Assets\Helldivers2\MihoCombat\Ogg\67904039.ogg,549b78b4caf89ec1b9316b6b31699e6d0b174a5cad93835ba806de2c3b9b317d,Sounds\Combat\HD2\GrenadeBlast_67904039.ogg,Bank来源已确认；动作属于CLAP筛选与音色匹配，不代表原始事件名。
GrenadeBlast,wep_gre_at_explosive,921309796,E:\ModdevMics\Assets\Helldivers2\MihoCombat\Ogg\921309796.ogg,ada9ea64079e2be611bcbff63296c5024419cb165cfe65a0a07c0a3717112d7b,Sounds\Combat\HD2\GrenadeBlast_921309796.ogg,Bank来源已确认；动作属于CLAP筛选与音色匹配，不代表原始事件名。
HeavyBlast,wep_expendable_massive_rocket_launcher,88733658,E:\ModdevMics\Assets\Helldivers2\MihoCombat\Ogg\88733658.ogg,cfd6f8de3e7ae1ad2ac91eb932da9d0254b9933527358fa02620b5cb4e9c9611,Sounds\Combat\HD2\HeavyBlast_88733658.ogg,Bank来源已确认；动作属于CLAP筛选与音色匹配，不代表原始事件名。
HeavyBlast,wep_expendable_massive_rocket_launcher,69615532,E:\ModdevMics\Assets\Helldivers2\MihoCombat\Ogg\69615532.ogg,6422b3239f4e5cb7d01a2d4201c57d21b53494daea7d4ca414d98f7ad37dacca,Sounds\Combat\HD2\HeavyBlast_69615532.ogg,Bank来源已确认；动作属于CLAP筛选与音色匹配，不代表原始事件名。
LaserLoop,wep_scythe,528256306,E:\ModdevMics\Assets\Helldivers2\MihoCombat\Ogg\528256306.ogg,a7bfe3963909905b41a4c8ba03ac7ac9a168d2e6d65d3ddbdb50ec81a002a9ea,Sounds\Combat\HD2\LaserLoop_528256306.ogg,Bank来源已确认；动作属于CLAP筛选与音色匹配，不代表原始事件名。
FlameLoop,wep_flamethrower,13725339,E:\ModdevMics\Assets\Helldivers2\MihoCombat\Ogg\13725339.ogg,48423a64bb35a3bc94785deba7bcf117df7215bb32a73896ca4f7ad26691922d,Sounds\Combat\HD2\FlameLoop_13725339.ogg,Bank来源已确认；动作属于CLAP筛选与音色匹配，不代表原始事件名。
ReloadMagazine,wep_smg45_defender,807985691,E:\ModdevMics\Assets\Helldivers2\MihoCombat\Ogg\807985691.ogg,f95c1868d3c7ada3a7dec7aab13e54b270f27327e7d261b2db643cb04007ba2d,Sounds\Combat\HD2\ReloadMagazine_807985691.ogg,Bank来源已确认；动作属于CLAP筛选与音色匹配，不代表原始事件名。
ReloadMagazine,wep_smg45_defender,76349284,E:\ModdevMics\Assets\Helldivers2\MihoCombat\Ogg\76349284.ogg,7182ee5c1359173c9fc6cff5b91cc1819244ce13e02df1b4c0a80ec113362b61,Sounds\Combat\HD2\ReloadMagazine_76349284.ogg,Bank来源已确认；动作属于CLAP筛选与音色匹配，不代表原始事件名。
ReloadHeavy,wep_mg105_stalwart,410134813,E:\ModdevMics\Assets\Helldivers2\MihoCombat\Ogg\410134813.ogg,cad77305b74e4ee173aef3cae36bc7da8fbb06b184b62870c4980a5bd173eeb8,Sounds\Combat\HD2\ReloadHeavy_410134813.ogg,Bank来源已确认；动作属于CLAP筛选与音色匹配，不代表原始事件名。
ReloadHeavy,wep_mg105_stalwart,706323621,E:\ModdevMics\Assets\Helldivers2\MihoCombat\Ogg\706323621.ogg,211be9d66d0ac24deb31447a96b1665c3f9099a9acebe00d051aaed6d73da569,Sounds\Combat\HD2\ReloadHeavy_706323621.ogg,Bank来源已确认；动作属于CLAP筛选与音色匹配，不代表原始事件名。
ReloadEnergy,wep_scythe,706323621,E:\ModdevMics\Assets\Helldivers2\MihoCombat\Ogg\706323621.ogg,211be9d66d0ac24deb31447a96b1665c3f9099a9acebe00d051aaed6d73da569,Sounds\Combat\HD2\ReloadEnergy_706323621.ogg,Bank来源已确认；动作属于CLAP筛选与音色匹配，不代表原始事件名。
ReloadEnergy,wep_scythe,869814175,E:\ModdevMics\Assets\Helldivers2\MihoCombat\Ogg\869814175.ogg,07cd9924fd6af244308878bd9c486f3094b97e24e8be89e1731e62d9e0be9310,Sounds\Combat\HD2\ReloadEnergy_869814175.ogg,Bank来源已确认；动作属于CLAP筛选与音色匹配，不代表原始事件名。
ReloadLock,wep_sar1_sniper,694452004,E:\ModdevMics\Assets\Helldivers2\MihoCombat\Ogg\694452004.ogg,8c9ceb873e4f248e3043b1d3382c631c6252877213f1f1235743828dbf70f9c6,Sounds\Combat\HD2\ReloadLock_694452004.ogg,Bank来源已确认；动作属于CLAP筛选与音色匹配，不代表原始事件名。
